Type,Index,Value
Urban,1,0.07436768239428056
Urban,2,0.08232988421502152
Urban,3,0.14657488117407294
Urban,4,0.1149644596295798
Urban,5,0.22784931054425903
Urban,6,0.20110077680465113
Urban,7,0.08429921016474137
Urban,8,0.0685137950733936
Civic,1,0.3298291533095339
Civic,2,0.670170846690466
