Type,Index,Value
Urban,1,0.13885186669868238
Urban,2,0.22927821394556241
Urban,3,0.1279736367675896
Urban,4,0.09092693820966832
Urban,5,0.15177975072125818
Urban,6,0.12111347106828835
Urban,7,0.11462590191424829
Urban,8,0.025450220674702453
Civic,1,0.5869346688099958
Civic,2,0.4130653311900044
